Instance ID,Final_FL
django__django-11728,Eshgin
django__django-13121,Eshgin
django__django-13158,Eshgin
django__django-13195,Eshgin
django__django-13343,Atish
django__django-13346,Eshgin
django__django-13449,Atish
django__django-14007,Eshgin
django__django-14315,Atish
django__django-14434,Eshgin
django__django-15128,Eshgin
django__django-16256,Eshgin
matplotlib__matplotlib-22719,Eshgin
matplotlib__matplotlib-24637,Eshgin
matplotlib__matplotlib-26208,Atish
pydata__xarray-3305,Eshgin
pydata__xarray-4687,Eshgin
pydata__xarray-6992,Atish
pylint-dev__pylint-6386,Atish
pytest-dev__pytest-5787,Atish
pytest-dev__pytest-5840,Eshgin
pytest-dev__pytest-7490,Eshgin
pytest-dev__pytest-7571,Eshgin
pytest-dev__pytest-8399,Eshgin
scikit-learn__scikit-learn-14496,Atish
scikit-learn__scikit-learn-14629,Eshgin
scikit-learn__scikit-learn-14983,Eshgin
scikit-learn__scikit-learn-25747,Eshgin
sphinx-doc__sphinx-8548,Atish
sphinx-doc__sphinx-9602,Eshgin
sympy__sympy-13031,Atish
sympy__sympy-18698,Atish
sympy__sympy-19783,Atish
sympy__sympy-21596,Atish
sympy__sympy-21930,Atish
sympy__sympy-22080,Eshgin